TIER,SUBS,COUNTRY,SITE CODE,ITEM,VALUE,rsid,start_date,end_date,value_n,metric_origin,metric,variable,dim_value,category,category_non_acc_unknown_excl,segments,start_time,end_time,period,period_type,device,bd1_dimension,bd1_itemId,bd1_value,Panel name,reportlet
,,US,us,[part_name] All Page Track(PAGE_TYPES),5266539,sscompany_name4newus,2026-05-19,2026-05-31,value1,Visits,Visits,,(summary),,,[Device] Mobile; [Global] DIV1 Visit; [part_name] All Page Track(PAGE_TYPES),09:00,23:59,May 2026,campaign,Mobile,,,,Shop Traffic By Division,Shop DIV1 Visit
,,US,us,[part_name] All Page Track(PAGE_TYPES),4426510,sscompany_name4newus,2026-05-19,2026-05-31,value2,Unique Visitors,Unique Visitors,,(summary),,,[Device] Mobile; [Global] DIV1 Visit; [part_name] All Page Track(PAGE_TYPES),09:00,23:59,May 2026,campaign,Mobile,,,,Shop Traffic By Division,Shop DIV1 Visit
,,US,us,[part_name] All Page Track(PAGE_TYPES),1408148,sscompany_name4newus,2026-05-19,2026-05-31,value3,Non bounced visit,Non bounced visit,,(summary),,,[Device] Mobile; [Global] DIV1 Visit; [part_name] All Page Track(PAGE_TYPES),09:00,23:59,May 2026,campaign,Mobile,,,,Shop Traffic By Division,Shop DIV1 Visit
,,US,us,[part_name] All Page Track(PAGE_TYPES),7096099,sscompany_name4newus,2026-05-19,2026-05-31,value4,Page Views,Page Views,,(summary),,,[Device] Mobile; [Global] DIV1 Visit; [part_name] All Page Track(PAGE_TYPES),09:00,23:59,May 2026,campaign,Mobile,,,,Shop Traffic By Division,Shop DIV1 Visit
,,US,us,[part_name] All Page Track(PAGE_TYPES),875363,sscompany_name4newus,2026-05-19,2026-05-31,value5,Visits,Visits,,(summary),,,[Device] PC; [Global] DIV1 Visit; [part_name] All Page Track(PAGE_TYPES),09:00,23:59,May 2026,campaign,PC,,,,Shop Traffic By Division,Shop DIV1 Visit
,,US,us,[part_name] All Page Track(PAGE_TYPES),713131,sscompany_name4newus,2026-05-19,2026-05-31,value6,Unique Visitors,Unique Visitors,,(summary),,,[Device] PC; [Global] DIV1 Visit; [part_name] All Page Track(PAGE_TYPES),09:00,23:59,May 2026,campaign,PC,,,,Shop Traffic By Division,Shop DIV1 Visit
,,US,us,[part_name] All Page Track(PAGE_TYPES),433900,sscompany_name4newus,2026-05-19,2026-05-31,value7,Non bounced visit,Non bounced visit,,(summary),,,[Device] PC; [Global] DIV1 Visit; [part_name] All Page Track(PAGE_TYPES),09:00,23:59,May 2026,campaign,PC,,,,Shop Traffic By Division,Shop DIV1 Visit
,,US,us,[part_name] All Page Track(PAGE_TYPES),1556927,sscompany_name4newus,2026-05-19,2026-05-31,value8,Page Views,Page Views,,(summary),,,[Device] PC; [Global] DIV1 Visit; [part_name] All Page Track(PAGE_TYPES),09:00,23:59,May 2026,campaign,PC,,,,Shop Traffic By Division,Shop DIV1 Visit
,,US,us,[part_name] All Page Track(PAGE_TYPES),327293,sscompany_name4newus,2026-05-19,2026-05-31,value9,Visits,Visits,,(summary),,,[Device] Android; [Global] DIV1 Visit; [part_name] All Page Track(PAGE_TYPES),09:00,23:59,May 2026,campaign,Android,,,,Shop Traffic By Division,Shop DIV1 Visit
,,US,us,[part_name] All Page Track(PAGE_TYPES),187850,sscompany_name4newus,2026-05-19,2026-05-31,value10,Unique Visitors,Unique Visitors,,(summary),,,[Device] Android; [Global] DIV1 Visit; [part_name] All Page Track(PAGE_TYPES),09:00,23:59,May 2026,campaign,Android,,,,Shop Traffic By Division,Shop DIV1 Visit
,,US,us,[part_name] All Page Track(PAGE_TYPES),326963,sscompany_name4newus,2026-05-19,2026-05-31,value11,Non bounced visit,Non bounced visit,,(summary),,,[Device] Android; [Global] DIV1 Visit; [part_name] All Page Track(PAGE_TYPES),09:00,23:59,May 2026,campaign,Android,,,,Shop Traffic By Division,Shop DIV1 Visit
,,US,us,[part_name] All Page Track(PAGE_TYPES),1024971,sscompany_name4newus,2026-05-19,2026-05-31,value12,Page Views,Page Views,,(summary),,,[Device] Android; [Global] DIV1 Visit; [part_name] All Page Track(PAGE_TYPES),09:00,23:59,May 2026,campaign,Android,,,,Shop Traffic By Division,Shop DIV1 Visit
,,US,us,,100000,sscompany_name4newus,2026-05-19,2026-05-31,value1,Visits,Visits,lasttouchchannel,Natural Search,,,,09:00,23:59,May 2026,campaign,,,,,Traffic By Channel,Channel Visit
,,US,us,,70000,sscompany_name4newus,2026-05-19,2026-05-31,value1,Visits,Visits,lasttouchchannel,Natural Search,,,,09:00,23:59,May 2026,campaign,,variables/mobiledevicetype,2163986270,Mobile Phone,Traffic By Channel,Channel Visit
,,US,us,,30000,sscompany_name4newus,2026-05-19,2026-05-31,value1,Visits,Visits,lasttouchchannel,Natural Search,,,,09:00,23:59,May 2026,campaign,,variables/mobiledevicetype,0,Other,Traffic By Channel,Channel Visit
,,US,us,,50000,sscompany_name4newus,2026-05-19,2026-05-31,value1,Visits,Visits,page,home,,,,09:00,23:59,May 2026,campaign,,,,,Traffic By Page,Page Visit
